BSBE,BT101,I,D1,L2,Monday
BSBE,BT101,II,D1,L3,Monday
BSBE,BT101,III,D,L2,Monday
BSBE,BT101,IV,D,L3,Monday
BSBE,BT101,I,D1,L2,Thursday
BSBE,BT101,II,D1,L3,Thursday
BSBE,BT101,III,D,L2,Thursday
BSBE,BT101,IV,D,L3,Thursday
BSBE,BT101,I,D1,L2,Friday
BSBE,BT101,II,D1,L3,Friday
BSBE,BT101,III,D,L2,Friday
BSBE,BT101,IV,D,L3,Friday
BSBE,BT202,NA,A,4102,Tuesday
BSBE,BT202,NA,A,4102,Wednesday
BSBE,BT202,NA,A,4102,Thursday
BSBE,BT205,NA,C,4102,Friday
BSBE,BT205,NA,C,4102,Monday
BSBE,BT205,NA,C,4102,Tuesday
BSBE,BT205,NA,C,4107,Friday
BSBE,BT205,NA,C,4107,Monday
BSBE,BT205,NA,C,4107,Tuesday
BSBE,BT208,NA,D,4102,Monday
BSBE,BT208,NA,D,4102,Wednesday
BSBE,BT208,NA,D,4102,Thursday
BSBE,BT208,NA,D,4102,Friday
BSBE,BT302,NA,A1,4207,Monday
BSBE,BT302,NA,A1,4207,Tuesday
BSBE,BT302,NA,A1,4207,Wednesday
BSBE,BT302,NA,A1,4207,Thursday
BSBE,BT305,NA,D1,4207,Thursday
BSBE,BT305,NA,D1,4207,Friday
BSBE,BT305,NA,D1,4207,Monday
BSBE,BT306,NA,E1,4207,Wednesday
BSBE,BT306,NA,E1,4207,Thursday
BSBE,BT306,NA,E1,4207,Friday
BSBE,BT308,NA,C1,4207,Monday
BSBE,BT308,NA,C1,4207,Tuesday
BSBE,BT308,NA,C1,4207,Friday
BSBE,BT401,NA,E,4207,Wednesday
BSBE,BT401,NA,E,4207,Thursday
BSBE,BT401,NA,E,4207,Friday
BSBE,BT502,NA,E,4210,Wednesday
BSBE,BT502,NA,E,4210,Thursday
BSBE,BT502,NA,E,4210,Friday
BSBE,BT504,NA,A,4210,Tuesday
BSBE,BT504,NA,A,4210,Wednesday
BSBE,BT504,NA,A,4210,Thursday
BSBE,BT601,NA,B1,4210,Monday
BSBE,BT601,NA,B1,4210,Tuesday
BSBE,BT601,NA,B1,4210,Wednesday
BSBE,BT604,NA,B,4210,Monday
BSBE,BT604,NA,B,4210,Tuesday
BSBE,BT604,NA,B,4210,Wednesday
BSBE,BT607,NA,B,4207,Monday
BSBE,BT607,NA,B,4207,Tuesday
BSBE,BT607,NA,B,4207,Wednesday
BSBE,BT609,NA,D,4210,Monday
BSBE,BT609,NA,D,4210,Thursday
BSBE,BT609,NA,D,4210,Friday
BSBE,BT613,NA,F,4210,Monday
BSBE,BT613,NA,F,4210,Wednesday
BSBE,BT613,NA,F,4210,Friday
BSBE,BT616,NA,L,4210,Tuesday
BSBE,BT616,NA,L,4210,Thursday
BSBE,BT618,NA,I,4210,Tuesday
BSBE,BT618,NA,I,4210,Thursday
BSBE,BT629,NA,K,4210,Monday
BSBE,BT629,NA,K,4210,Wednesday
BSBE,BT629,NA,K,4210,Friday
BSBE,BT630,NA,C,1006,Monday
BSBE,BT630,NA,C,1006,Friday
BSBE,BT630,NA,C,1006,Tuesday
BSBE,BT632,NA,C,1207,Friday
BSBE,BT632,NA,C,1207,Monday
BSBE,BT632,NA,C,1207,Tuesday
BSBE,BT637,NA,K,4207,Monday
BSBE,BT637,NA,K,4207,Wednesday
BSBE,BT637,NA,K,4207,Friday
CE,CE201,NA,A,4201,Tuesday
CE,CE201,NA,A,4201,Wednesday
CE,CE201,NA,A,4201,Thursday
CE,CE205,NA,D,4201,Monday
CE,CE205,NA,D,4201,Thursday
CE,CE205,NA,D,4201,Friday
CE,CE206,NA,C,4201,Monday
CE,CE206,NA,C,4201,Tuesday
CE,CE206,NA,C,4201,Friday
CE,CE220,NA,B,4201,Monday
CE,CE220,NA,B,4201,Tuesday
CE,CE220,NA,B,4201,Wednesday
CE,CE222,NA,H,4201,Tuesday
CE,CE222,NA,H,4201,Thursday
CE,CE222,NA,B,4201,Friday
CE,CE304,NA,A1,4201,Tuesday
CE,CE304,NA,B,4211,Wednesday
CE,CE304,NA,A1,4201,Thursday
CE,CE307,NA,F,4201,Monday
CE,CE307,NA,F,4201,Wednesday
CE,CE307,NA,H,3102,Thursday
CE,CE307,NA,F,3102,Friday
CE,CE308,NA,D1,4201,Monday
CE,CE308,NA,C1,4201,Tuesday
CE,CE308,NA,C1,4201,Friday
CE,CE309,NA,B1,4201,Tuesday
CE,CE309,NA,D1,4201,Wednesday
CE,CE309,NA,D1,4201,Thursday
CE,CE309,NA,D1,4201,Friday
CE,CE311,NA,A1,4201,Monday
CE,CE311,NA,E1,4201,Tuesday
CE,CE311,NA,E1,4201,Wednesday
CE,CE311,NA,E1,4201,Thursday
CE,CE402,NA,H,4211,Thursday
CE,CE504,NA,A,3102,Tuesday
CE,CE504,NA,A,3102,Wednesday
CE,CE504,NA,A,3102,Thursday
CE,CE505,NA,C,3102,Monday
CE,CE505,NA,C,3102,Tuesday
CE,CE505,NA,C,3102,Friday
CE,CE510,NA,D,4208,Monday
CE,CE510,NA,D,4208,Thursday
CE,CE510,NA,D,4208,Friday
CE,CE514,NA,A1,3102,Tuesday
CE,CE514,NA,A1,3102,Wednesday
CE,CE514,NA,A1,3102,Thursday
CE,CE524,NA,A,4208,Tuesday
CE,CE524,NA,A,4208,Wednesday
CE,CE524,NA,A,4208,Thursday
CE,CE524,NA,F,4208,Friday
CE,CE525,NA,B,4208,Monday
CE,CE525,NA,B,4208,Tuesday
CE,CE525,NA,B,4208,Wednesday
CE,CE533,NA,A,4205,Tuesday
CE,CE533,NA,A,4205,Wednesday
CE,CE533,NA,A,4205,Thursday
CE,CE533,NA,F,4205,Friday
CE,CE552,NA,C,4G3,Monday
CE,CE552,NA,C,4G3,Tuesday
CE,CE552,NA,C,4G3,Friday
CE,CE555,NA,B,4211,Monday
CE,CE555,NA,B,4211,Tuesday
CE,CE556,NA,A1,4208,Tuesday
CE,CE556,NA,A1,4208,Wednesday
CE,CE556,NA,A1,4208,Thursday
CE,CE564,NA,B1,3102,Monday
CE,CE564,NA,B1,3102,Tuesday
CE,CE564,NA,B1,3102,Wednesday
CE,CE570,NA,F,4208,Monday
CE,CE570,NA,H,4205,Tuesday
CE,CE570,NA,F,4205,Wednesday
CE,CE583,NA,D,4205,Monday
CE,CE583,NA,C,4205,Tuesday
CE,CE583,NA,E,4205,Wednesday
CE,CE584,NA,C,4205,Monday
CE,CE584,NA,A,4211,Wednesday
CE,CE584,NA,E,4205,Thursday
CE,CE594,NA,A1,4211,Tuesday
CE,CE594,NA,A1,4211,Wednesday
CE,CE594,NA,A1,4211,Thursday
CE,CE595,NA,D1,4208,Monday
CE,CE595,NA,D1,4208,Friday
CE,CE606,NA,B,3102,Monday
CE,CE606,NA,B,3102,Tuesday
CE,CE606,NA,B,3102,Wednesday
CE,CE607,NA,C1,3102,Monday
CE,CE607,NA,C1,3102,Tuesday
CE,CE607,NA,C1,3102,Friday
CE,CE608,NA,E,3102,Wednesday
CE,CE608,NA,E,3102,Thursday
CE,CE608,NA,E,3102,Friday
CE,CE612,NA,B,4205,Monday
CE,CE612,NA,B,4205,Tuesday
CE,CE612,NA,B,4205,Wednesday
CE,CE614,NA,C1,4211,Monday
CE,CE614,NA,C1,4211,Tuesday
CE,CE614,NA,C1,4211,Friday
CE,CE615,NA,F,4205,Monday
CE,CE615,NA,F,4211,Wednesday
CE,CE615,NA,H,4205,Thursday
CE,CE616,NA,C,4001,Monday
CE,CE616,NA,C,4001,Tuesday
CE,CE616,NA,C,4001,Friday
CE,CE623,NA,D1,3102,Monday
CE,CE623,NA,E1,4208,Wednesday
CE,CE623,NA,D1,3102,Friday
CE,CE628,NA,B1,4208,Monday
CE,CE628,NA,B1,4208,Tuesday
CE,CE628,NA,B1,4208,Wednesday
CE,CE643,NA,D,3102,Monday
CE,CE643,NA,D,3102,Thursday
CE,CE643,NA,D,3102,Friday
CE,CE646,NA,C,4208,Monday
CE,CE646,NA,C,4211,Tuesday
CE,CE646,NA,C,4205,Friday
CE,CE648,NA,E,4201,Wednesday
CE,CE648,NA,E,4201,Thursday
CE,CE648,NA,E,4201,Friday
CE,CE649,NA,E1,3102,Tuesday
CE,CE649,NA,E1,3102,Wednesday
CE,CE649,NA,E1,3102,Thursday
CE,CE652,NA,A1,3102,Monday
CE,CE652,NA,C1,3102,Thursday
CE,CE652,NA,E1,3102,Friday
CE,CE661,NA,C,4208,Tuesday
CE,CE661,NA,H,4208,Tuesday
CE,CE661,NA,H,4208,Thursday
CE,CE661,NA,C,4208,Friday
CE,CE664,NA,C1,4208,Monday
CE,CE664,NA,C1,4208,Tuesday
CE,CE664,NA,C1,4208,Friday
CH,CH212,NA,A,4103,Tuesday
CH,CH212,NA,A,4103,Wednesday
CH,CH212,NA,A,4103,Thursday
CH,CH222,NA,B,4103,Monday
CH,CH222,NA,B,4103,Tuesday
CH,CH222,NA,B,4103,Wednesday
CH,CH232,NA,C,4103,Monday
CH,CH232,NA,C,4103,Tuesday
CH,CH232,NA,C,4103,Friday
CH,CH233,NA,D,4103,Monday
CH,CH233,NA,D,4103,Thursday
CH,CH233,NA,D,4103,Friday
CH,CH322,NA,D1,4103,Monday
CH,CH322,NA,D1,4103,Thursday
CH,CH322,NA,D1,4103,Friday
CH,CH323,NA,A1,4103,Tuesday
CH,CH323,NA,A1,4103,Wednesday
CH,CH323,NA,A1,4103,Thursday
CH,CH333,NA,B1,4103,Monday
CH,CH333,NA,B1,4103,Tuesday
CH,CH333,NA,B1,4103,Wednesday
CH,CH411,NA,A,4006,Monday
CH,CH411,NA,A,4006,Tuesday
CH,CH411,NA,A,4006,Wednesday
CH,CH411,NA,A,4006,Thursday
CH,CH417,NA,B,4104,Monday
CH,CH417,NA,B,4104,Tuesday
CH,CH417,NA,B,4104,Wednesday
CH,CH418,NA,D,4104,Monday
CH,CH418,NA,D,4104,Thursday
CH,CH418,NA,D,4104,Friday
CH,CH419,NA,E1,2101,Wednesday
CH,CH419,NA,E1,2101,Thursday
CH,CH419,NA,E1,2101,Friday
CH,CH421,NA,B,4006,Monday
CH,CH421,NA,B,4006,Tuesday
CH,CH421,NA,B,4006,Wednesday
CH,CH421,NA,B,4006,Friday
CH,CH428,NA,E,4104,Wednesday
CH,CH428,NA,E,4104,Thursday
CH,CH428,NA,E,4104,Friday
CH,CH432,NA,C,4006,Monday
CH,CH432,NA,C,4006,Tuesday
CH,CH432,NA,C,4006,Friday
CH,CH432,NA,C,4006,Thursday
CH,CH433,NA,D,4006,Monday
CH,CH433,NA,D,4006,Thursday
CH,CH433,NA,D,4006,Friday
CH,CH433,NA,D,4006,Wednesday
CH,CH438,NA,C,4005,Friday
CH,CH438,NA,C,4005,Monday
CH,CH438,NA,C,4005,Tuesday
CH,CH501,NA,F,3003,Tuesday
CH,CH603,NA,A,3003,Tuesday
CH,CH603,NA,A,3003,Wednesday
CH,CH603,NA,A,3003,Thursday
CH,CH611,NA,B,3003,Monday
CH,CH611,NA,B,3003,Tuesday
CH,CH611,NA,B,3003,Wednesday
CH,CH615,NA,D1,4006,Monday
CH,CH615,NA,D1,4006,Wednesday
CH,CH615,NA,D1,4006,Thursday
CH,CH615,NA,D1,4006,Friday
CH,CH617,NA,C1,4006,Monday
CH,CH617,NA,C1,4006,Tuesday
CH,CH617,NA,C1,4006,Thursday
CH,CH617,NA,C1,4006,Friday
CH,CH621,NA,C,3003,Monday
CH,CH621,NA,C,3003,Tuesday
CH,CH621,NA,C,3003,Friday
CH,CH623,NA,D,3003,Monday
CH,CH623,NA,D,3003,Thursday
CH,CH623,NA,D,3003,Friday
CH,CH625,NA,B1,4006,Monday
CH,CH625,NA,B1,4006,Tuesday
CH,CH625,NA,B1,4006,Wednesday
CH,CH625,NA,B1,4006,Friday
CH,CH630,NA,E,3003,Wednesday
CH,CH630,NA,E,3003,Thursday
CH,CH630,NA,E,3003,Friday
CH,CH637,NA,A1,4006,Monday
CH,CH637,NA,A1,4006,Tuesday
CH,CH637,NA,A1,4006,Wednesday
CH,CH637,NA,A1,4006,Thursday
CH,CH640,NA,E1,4006,Tuesday
CH,CH640,NA,E1,4006,Wednesday
CH,CH640,NA,E1,4006,Thursday
CH,CH640,NA,E1,4006,Friday
CH,CH643,NA,C,4005,Monday
CH,CH643,NA,C,4005,Tuesday
CH,CH643,NA,C,4005,Friday
CL,CL204,NA,A,4203,Monday
CL,CL204,NA,A,4203,Tuesday
CL,CL204,NA,A,4203,Wednesday
CL,CL204,NA,A,4203,Thursday
BSBE,CL205,NA,B,4102,Monday
BSBE,CL205,NA,B,4102,Tuesday
BSBE,CL205,NA,B,4102,Wednesday
CL,CL205,NA,B,L4,Monday
CL,CL205,NA,B,L4,Tuesday
CL,CL205,NA,B,L4,Wednesday
CL,CL205,NA,B,L4,Friday
CL,CL206,NA,C,4203,Monday
CL,CL206,NA,C,4203,Tuesday
CL,CL206,NA,C,4203,Thursday
CL,CL206,NA,C,4203,Friday
CL,CL206,NA,B1,2102,Wednesday
CL,CL206,NA,A1,2102,Wednesday
CL,CL206,NA,E1,2102,Wednesday
CL,CL207,NA,D,4203,Monday
CL,CL207,NA,D,4203,Wednesday
CL,CL207,NA,D,4203,Thursday
CL,CL207,NA,D,4203,Friday
CL,CL252M,NA,F,4002,Monday
CL,CL252M,NA,F,4002,Wednesday
CL,CL252M,NA,F,4002,Friday
CL,CL307,NA,A1,4203,Monday
CL,CL307,NA,A1,4203,Tuesday
CL,CL307,NA,A1,4203,Wednesday
CL,CL307,NA,A1,4203,Thursday
CL,CL308,NA,B1,4203,Monday
CL,CL308,NA,B1,4203,Tuesday
CL,CL308,NA,B1,4203,Wednesday
CL,CL308,NA,B1,4203,Friday
CL,CL309,NA,C1,4203,Monday
CL,CL309,NA,C1,4203,Tuesday
CL,CL309,NA,C1,4203,Thursday
CL,CL309,NA,C1,4203,Friday
CL,CL314,NA,D1,4203,Monday
CL,CL314,NA,D1,4203,Wednesday
CL,CL314,NA,D1,4203,Thursday
CL,CL314,NA,D1,4203,Friday
CL,CL352M,NA,G,4002,Monday
CL,CL352M,NA,G,4002,Wednesday
CL,CL352M,NA,G,4002,Friday
CL,CL401,NA,E,4209,Tuesday
CL,CL401,NA,E,4209,Wednesday
CL,CL401,NA,E,4209,Thursday
CL,CL401,NA,E,4209,Friday
CL,CL404,NA,D,4209,Monday
CL,CL404,NA,D,4209,Wednesday
CL,CL404,NA,D,4209,Thursday
CL,CL404,NA,D,4209,Friday
CL,CL503,NA,A,4209,Monday
CL,CL503,NA,A,4209,Tuesday
CL,CL503,NA,A,4209,Wednesday
CL,CL503,NA,A,4209,Thursday
CL,CL504,NA,B,4209,Monday
CL,CL504,NA,B,4209,Tuesday
CL,CL504,NA,B,4209,Wednesday
CL,CL504,NA,B,4209,Friday
CL,CL612,NA,K,4203,Monday
CL,CL612,NA,K,4203,Wednesday
CL,CL612,NA,K,4203,Friday
CL,CL614,NA,D1,4209,Monday
CL,CL614,NA,D1,4209,Wednesday
CL,CL614,NA,D1,4209,Thursday
CL,CL614,NA,D1,4209,Friday
CL,CL617,NA,C1,4209,Monday
CL,CL617,NA,C1,4209,Tuesday
CL,CL617,NA,C1,4209,Thursday
CL,CL617,NA,C1,4209,Friday
CL,CL618,NA,B1,4209,Monday
CL,CL618,NA,B1,4209,Tuesday
CL,CL618,NA,B1,4209,Wednesday
CL,CL618,NA,B1,4209,Friday
CL,CL619,NA,A1,4209,Monday
CL,CL619,NA,A1,4209,Tuesday
CL,CL619,NA,A1,4209,Wednesday
CL,CL619,NA,A1,4209,Thursday
CL,CL622,NA,D1,4002,Monday
CL,CL622,NA,D1,4002,Wednesday
CL,CL622,NA,D1,4002,Thursday
CL,CL622,NA,D1,4002,Friday
CL,CL623,NA,C1,4002,Monday
CL,CL623,NA,C1,4002,Tuesday
CL,CL623,NA,C1,4002,Thursday
CL,CL623,NA,C1,4002,Friday
CL,CL625,NA,E1,L4,Tuesday
CL,CL625,NA,E1,L4,Wednesday
CL,CL625,NA,E1,L4,Thursday
CL,CL625,NA,E1,L4,Friday
CL,CL625,NA,E1,4001,Wednesday
CL,CL625,NA,E1,4001,Thursday
CL,CL625,NA,E1,4001,Friday
CL,CL625,NA,L,4G3,Tuesday
CL,CL625,NA,L,4G3,Thursday
CL,CL630,NA,F,4209,Monday
CL,CL630,NA,F,4209,Wednesday
CL,CL630,NA,F,4209,Friday
CL,CL634,NA,A1,4002,Monday
CL,CL634,NA,A1,4002,Tuesday
CL,CL634,NA,A1,4002,Wednesday
CL,CL634,NA,A1,4002,Thursday
CL,CL635,NA,F,4203,Monday
CL,CL635,NA,F,4203,Wednesday
CL,CL635,NA,F,4203,Friday
CL,CL638,NA,B1,4002,Monday
CL,CL638,NA,B1,4002,Tuesday
CL,CL638,NA,B1,4002,Wednesday
CL,CL638,NA,B1,4002,Friday
CL,CL639,NA,C,L4,Monday
CL,CL639,NA,C,L4,Tuesday
CL,CL639,NA,C,L4,Thursday
CL,CL639,NA,C,L4,Friday
CH,CL639,NA,C,1G1,Friday
CH,CL639,NA,C,1G1,Monday
CH,CL639,NA,C,1G1,Tuesday
CL,CL639,NA,K,4G4,Monday
CL,CL639,NA,K,4G4,Wednesday
CSE,CS101,I,A1,L2,Tuesday
CSE,CS101,I,A1,L2,Wednesday
CSE,CS101,I,A1,L2,Thursday
CSE,CS101,II,A1,L3,Tuesday
CSE,CS101,II,A1,L3,Wednesday
CSE,CS101,II,A1,L3,Thursday
CSE,CS101,III,A,L2,Tuesday
CSE,CS101,III,A,L2,Wednesday
CSE,CS101,III,A,L2,Thursday
CSE,CS101,IV,A,L3,Tuesday
CSE,CS101,IV,A,L3,Wednesday
CSE,CS101,IV,A,L3,Thursday
CSE,CS203,NA,B,1201,Monday
CSE,CS203,NA,B,1201,Tuesday
CSE,CS203,NA,B,1201,Wednesday
CSE,CS203,NA,B,1201,Friday
CSE,CS204,NA,D,1201,Monday
CSE,CS204,NA,D,1201,Wednesday
CSE,CS204,NA,D,1201,Thursday
CSE,CS204,NA,D,1201,Friday
CSE,CS206M,NA,F,1201,Monday
CSE,CS206M,NA,F,1201,Wednesday
CSE,CS206M,NA,F,1201,Friday
CSE,CS222,NA,A,NA,Monday
CSE,CS222,NA,A,L4,Tuesday
CSE,CS222,NA,A,L4,Wednesday
CSE,CS222,NA,A,L4,Thursday
MA,CS222,NA,A,L4,Tuesday
MA,CS222,NA,A,L4,Wednesday
MA,CS222,NA,A,L4,Thursday
CSE,CS242,NA,C,1201,Monday
CSE,CS242,NA,C,1201,Tuesday
CSE,CS242,NA,C,1201,Thursday
CSE,CS242,NA,C,1201,Friday
MA,CS344,NA,C1,L1,Monday
MA,CS344,NA,C1,L1,Tuesday
MA,CS344,NA,C1,L1,Friday
CSE,CS344,NA,C1,L1,Monday
CSE,CS344,NA,C1,L1,Tuesday
CSE,CS344,NA,C1,L1,Thursday
CSE,CS344,NA,C1,L1,Friday
CSE,CS346,NA,B1,2204,Monday
CSE,CS346,NA,B1,2204,Tuesday
CSE,CS346,NA,B1,2204,Wednesday
CSE,CS346,NA,B1,2204,Friday
CSE,CS348,NA,D1,2203,Monday
CSE,CS348,NA,D1,2203,Wednesday
CSE,CS348,NA,D1,2203,Thursday
CSE,CS348,NA,D1,2203,Friday
MA,CS348,NA,D1,2203,Monday
MA,CS348,NA,D1,2203,Thursday
MA,CS348,NA,D1,2203,Friday
CSE,CS350M,NA,G,2204,Monday
CSE,CS350M,NA,G,2204,Wednesday
CSE,CS501,NA,E,2001,Tuesday
CSE,CS501,NA,E,2001,Wednesday
CSE,CS501,NA,E,2001,Thursday
CSE,CS501,NA,E,2001,Friday
CSE,CS503,NA,A1,NA,Monday
CSE,CS503,NA,A1,2001,Tuesday
CSE,CS503,NA,A1,2001,Wednesday
CSE,CS503,NA,A1,2001,Thursday
CSE,CS525,NA,B,2001,Monday
CSE,CS525,NA,B,2001,Tuesday
CSE,CS525,NA,B,2001,Wednesday
CSE,CS525,NA,B,2001,Friday
CSE,CS526,NA,C,2204,Monday
CSE,CS526,NA,C,2204,Tuesday
CSE,CS526,NA,C,2204,Thursday
CSE,CS526,NA,C,2204,Friday
CSE,CS526,NA,C,L4,Friday
CSE,CS526,NA,C,L4,Monday
CSE,CS526,NA,C,L4,Tuesday
CSE,CS549,NA,D1,1201,Monday
CSE,CS549,NA,D1,1201,Wednesday
CSE,CS549,NA,D1,1201,Thursday
CSE,CS549,NA,D1,1201,Friday
CSE,CS561,NA,E1,2001,Tuesday
CSE,CS561,NA,E1,2001,Wednesday
CSE,CS561,NA,E1,2001,Thursday
CSE,CS561,NA,E1,2001,Friday
CSE,CS666,NA,D,2001,Monday
CSE,CS666,NA,D,2001,Wednesday
CSE,CS666,NA,D,2001,Thursday
CSE,CS666,NA,D,2001,Friday
EEE,EE203,NA,C,2201,Monday
EEE,EE203,NA,C,2201,Tuesday
EEE,EE203,NA,A,2201,Wednesday
EEE,EE213M,NA,F,2002,Monday
EEE,EE213M,NA,F,2002,Wednesday
EEE,EE213M,NA,F,2002,Friday
EEE,EE221,NA,B,2201,Monday
EEE,EE221,NA,B,2201,Tuesday
EEE,EE221,NA,B,2201,Wednesday
EEE,EE230,NA,D,2201,Monday
EEE,EE230,NA,D,2201,Thursday
EEE,EE230,NA,D,2201,Friday
EEE,EE230T,NA,A,2002,Monday
EEE,EE230T,NA,A,2201,Monday
EEE,EE230T,NA,A,2202,Monday
EEE,EE230T,NA,A,3101,Monday
EEE,EE230T,NA,A,4101,Monday
EEE,EE230T,NA,D,2002,Wednesday
EEE,EE230T,NA,D,2201,Wednesday
EEE,EE230T,NA,D,2202,Wednesday
EEE,EE230T,NA,D,3101,Wednesday
EEE,EE230T,NA,D,4101,Wednesday
EEE,EE270,NA,A,2201,Tuesday
EEE,EE270,NA,A,2201,Thursday
EEE,EE270,NA,C,2201,Friday
EEE,EE322M,NA,G,2201,Monday
EEE,EE322M,NA,G,2201,Wednesday
EEE,EE322M,NA,G,2201,Friday
EEE,EE333,NA,E,3101,Tuesday
EEE,EE333,NA,C,3101,Thursday
EEE,EE333,NA,B,3101,Friday
EEE,EE337,NA,A1,2201,Tuesday
EEE,EE337,NA,A1,2201,Wednesday
EEE,EE337,NA,A1,2201,Thursday
EEE,EE340,NA,C1,2201,Monday
EEE,EE340,NA,C1,2201,Tuesday
EEE,EE340,NA,C1,2201,Friday
EEE,EE351,NA,D1,2202,Monday
EEE,EE351,NA,D1,2202,Thursday
EEE,EE351,NA,D1,2202,Friday
EEE,EE360,NA,B1,2201,Monday
EEE,EE360,NA,B1,2201,Tuesday
EEE,EE360,NA,B1,2201,Wednesday
EEE,EE385,NA,A1,2202,Tuesday
EEE,EE385,NA,A1,2202,Wednesday
EEE,EE385,NA,A1,2202,Thursday
EEE,EE503,NA,B,3101,Monday
EEE,EE503,NA,A,3101,Tuesday
EEE,EE503,NA,D,3101,Friday
EEE,EE525,NA,B,2002,Monday
EEE,EE525,NA,A,2002,Tuesday
EEE,EE525,NA,E,2002,Friday
EEE,EE533,NA,H,2202,Tuesday
EEE,EE533,NA,B,2202,Wednesday
EEE,EE533,NA,E,2202,Friday
EEE,EE534,NA,F,2202,Monday
EEE,EE534,NA,A,2202,Tuesday
EEE,EE534,NA,E,2202,Wednesday
EEE,EE551,NA,A,4101,Tuesday
EEE,EE551,NA,E,2202,Thursday
EEE,EE551,NA,C,4101,Friday
EEE,EE561,NA,F,3101,Monday
EEE,EE561,NA,F,3101,Wednesday
EEE,EE561,NA,E,3101,Friday
EEE,EE580,NA,E,4101,Tuesday
EEE,EE580,NA,C,4101,Thursday
EEE,EE580,NA,B,4101,Friday
EEE,EE621,NA,B1,3101,Monday
EEE,EE621,NA,B1,3101,Tuesday
EEE,EE621,NA,B1,3101,Wednesday
EEE,EE625,NA,A1,3101,Tuesday
EEE,EE625,NA,A1,3101,Wednesday
EEE,EE625,NA,A1,3101,Thursday
EEE,EE626,NA,E,2201,Tuesday
EEE,EE626,NA,C,2201,Thursday
EEE,EE626,NA,B,2201,Friday
EEE,EE631,NA,D1,4101,Monday
EEE,EE631,NA,A1,4101,Thursday
EEE,EE631,NA,D1,4101,Friday
EEE,EE632,NA,E1,2202,Wednesday
EEE,EE632,NA,E1,2202,Thursday
EEE,EE632,NA,E1,2202,Friday
EEE,EE634,NA,C1,4101,Monday
EEE,EE634,NA,C1,4101,Tuesday
EEE,EE634,NA,C1,4101,Friday
EEE,EE636,NA,D,2202,Monday
EEE,EE636,NA,B,2202,Tuesday
EEE,EE636,NA,D,2202,Friday
EEE,EE642,NA,F,2201,Wednesday
EEE,EE642,NA,H,2201,Thursday
EEE,EE642,NA,F,2201,Friday
EEE,EE645,NA,D1,3101,Monday
EEE,EE645,NA,D1,3101,Thursday
EEE,EE645,NA,D1,3101,Friday
EEE,EE646,NA,E1,4101,Wednesday
EEE,EE646,NA,E1,4101,Thursday
EEE,EE646,NA,E1,4101,Friday
EEE,EE647,NA,E1,2002,Wednesday
EEE,EE647,NA,E1,2002,Thursday
EEE,EE647,NA,E1,2002,Friday
EEE,EE648,NA,D1,2002,Monday
EEE,EE648,NA,D1,2002,Thursday
EEE,EE648,NA,D1,2002,Friday
EEE,EE652,NA,D,4101,Monday
EEE,EE652,NA,C,2202,Tuesday
EEE,EE652,NA,A,2202,Thursday
EEE,EE653,NA,B1,4101,Monday
EEE,EE653,NA,B1,4101,Tuesday
EEE,EE653,NA,B1,4101,Wednesday
EEE,EE657,NA,E1,L1,Thursday
EEE,EE657,NA,E1,L1,Friday
EEE,EE657,NA,E1,L1,Wednesday
EEE,EE663,NA,D,3101,Monday
EEE,EE663,NA,B,3101,Tuesday
EEE,EE663,NA,C,2002,Thursday
EEE,EE664,NA,C,3202,Monday
EEE,EE664,NA,C,3202,Tuesday
EEE,EE664,NA,C,3202,Friday
EEE,EE667,NA,B1,2002,Monday
EEE,EE667,NA,B1,2002,Tuesday
EEE,EE667,NA,B1,2002,Wednesday
EEE,EE668,NA,C1,2002,Monday
EEE,EE668,NA,C1,2002,Tuesday
EEE,EE668,NA,C1,2002,Friday
EEE,EE671,NA,C,2101,Monday
EEE,EE671,NA,C,2101,Tuesday
EEE,EE671,NA,C,2101,Friday
EEE,EE671,NA,C,2102,Friday
EEE,EE671,NA,C,2102,Monday
EEE,EE671,NA,C,2102,Tuesday
EEE,EE673,NA,A1,4101,Tuesday
EEE,EE673,NA,A1,4101,Wednesday
EEE,EE673,NA,D1,4101,Thursday
NA,EN671,NA,C,L1,Friday
NA,EN671,NA,C,L1,Monday
NA,EN671,NA,C,L1,Tuesday
HSS,HS203,NA,E,1006,Wednesday
HSS,HS203,NA,E,1006,Thursday
HSS,HS203,NA,E,1006,Friday
HSS,HS212,NA,E,1G1,Wednesday
HSS,HS212,NA,E,1G1,Thursday
HSS,HS212,NA,E,1G1,Friday
HSS,HS213,NA,E,3202,Wednesday
HSS,HS213,NA,E,3202,Thursday
HSS,HS213,NA,E,3202,Friday
HSS,HS220,NA,E,1207,Wednesday
HSS,HS220,NA,E,1207,Thursday
HSS,HS220,NA,E,1207,Friday
HSS,HS224,NA,E,2101,Wednesday
HSS,HS224,NA,E,2101,Thursday
HSS,HS224,NA,E,2101,Friday
HSS,HS226,NA,E,2102,Wednesday
HSS,HS226,NA,E,2102,Thursday
HSS,HS226,NA,E,2102,Friday
HSS,HS234,NA,E,4001,Wednesday
HSS,HS234,NA,E,4001,Thursday
HSS,HS234,NA,E,4001,Friday
HSS,HS237,NA,E,4005,Wednesday
HSS,HS237,NA,E,4005,Thursday
HSS,HS237,NA,E,4005,Friday
HSS,HS238,NA,E,4G3,Wednesday
HSS,HS238,NA,E,4G3,Thursday
HSS,HS238,NA,E,4G3,Friday
HSS,HS239,NA,E,4G4,Wednesday
HSS,HS239,NA,E,4G4,Thursday
HSS,HS239,NA,E,4G4,Friday
HSS,HS242,NA,E,1G2,Wednesday
HSS,HS242,NA,E,1G2,Thursday
HSS,HS242,NA,E,1G2,Friday
HSS,HS243,NA,E,L1,Wednesday
HSS,HS243,NA,E,L1,Thursday
HSS,HS243,NA,E,L1,Friday
HSS,HS406,NA,A,1006,Tuesday
HSS,HS406,NA,A,1006,Wednesday
HSS,HS406,NA,A,1006,Thursday
HSS,HS409,NA,A,1G1,Tuesday
HSS,HS409,NA,A,1G1,Wednesday
HSS,HS409,NA,A,1G1,Thursday
HSS,HS413,NA,A,1G2,Tuesday
HSS,HS413,NA,A,1G2,Wednesday
HSS,HS413,NA,A,1G2,Thursday
HSS,HS414,NA,A,3202,Tuesday
HSS,HS414,NA,A,3202,Wednesday
HSS,HS414,NA,A,3202,Thursday
HSS,HS415,NA,A,2101,Tuesday
HSS,HS415,NA,A,2101,Wednesday
HSS,HS415,NA,A,2101,Thursday
HSS,HS420,NA,A,2102,Tuesday
HSS,HS420,NA,A,2102,Wednesday
HSS,HS420,NA,A,2102,Thursday
HSS,HS421,NA,A,1207,Tuesday
HSS,HS421,NA,A,1207,Wednesday
HSS,HS421,NA,A,1207,Thursday
HSS,HS422,NA,A,L1,Tuesday
HSS,HS422,NA,A,L1,Wednesday
HSS,HS422,NA,A,L1,Thursday
HSS,HS424,NA,A,4G3,Tuesday
HSS,HS424,NA,A,4G3,Wednesday
HSS,HS424,NA,A,4G3,Thursday
HSS,HS425,NA,A,4G4,Tuesday
HSS,HS425,NA,A,4G4,Wednesday
HSS,HS425,NA,A,4G4,Thursday
HSS,HS502,NA,B,1102,Tuesday
HSS,HS502,NA,B,1102,Wednesday
HSS,HS502,NA,H,1102,Thursday
HSS,HS503,NA,C,1101,Monday
HSS,HS503,NA,C,1101,Tuesday
HSS,HS503,NA,F,1101,Wednesday
HSS,HS505,NA,A,1101,Tuesday
HSS,HS505,NA,A,1101,Wednesday
HSS,HS505,NA,A,1101,Thursday
HSS,HS512,NA,F,1102,Monday
HSS,HS512,NA,C1,1102,Tuesday
HSS,HS512,NA,B1,1102,Wednesday
HSS,HS517,NA,E,1101,Wednesday
HSS,HS517,NA,E,1101,Thursday
HSS,HS517,NA,E,1101,Friday
HSS,HS521,NA,B,1102,Monday
HSS,HS521,NA,D,1102,Thursday
HSS,HS521,NA,D,1102,Friday
HSS,HS604,NA,D,1102,Monday
HSS,HS604,NA,H,1102,Tuesday
HSS,HS604,NA,F,1102,Friday
HSS,HS621,NA,A,1101,Monday
HSS,HS621,NA,D,1101,Wednesday
HSS,HS621,NA,E1,1101,Friday
HSS,HS622,NA,D1,1102,Monday
HSS,HS622,NA,C,1102,Thursday
HSS,HS622,NA,B,1102,Friday
HSS,HS623,NA,E,1102,Tuesday
HSS,HS623,NA,A1,1102,Thursday
HSS,HS623,NA,C,1102,Friday
NA,LS621,NA,C,NA,Friday
NA,LS621,NA,C,NA,Monday
NA,LS621,NA,C,NA,Tuesday
MA,MA212M,NA,F,1103,Monday
MA,MA212M,NA,F,1103,Wednesday
MA,MA212M,NA,F,1103,Friday
MA,MA102,NA,C,NA,Thursday
MA,MA102,I,C1,L2,Monday
MA,MA102,I,C1,L2,Tuesday
MA,MA102,I,C,L2,Thursday
MA,MA102,I,C1,L2,Friday
MA,MA102,II,C1,L3,Monday
MA,MA102,II,C1,L3,Tuesday
MA,MA102,II,C,L2,Thursday
MA,MA102,II,C1,L3,Friday
MA,MA102,III,C,L2,Monday
MA,MA102,III,C,L2,Tuesday
MA,MA102,III,C,L2,Thursday
MA,MA102,III,C,L2,Friday
MA,MA102,IV,C,L3,Monday
MA,MA102,IV,C,L3,Tuesday
MA,MA102,IV,C,L2,Thursday
MA,MA102,IV,C,L3,Friday
MA,MA224,NA,D,1103,Monday
MA,MA224,NA,D,1103,Thursday
MA,MA224,NA,D,1103,Friday
MA,MA252,NA,B,1103,Monday
MA,MA252,NA,B,1103,Tuesday
MA,MA252,NA,B,1103,Wednesday
MA,MA271,NA,C,1103,Monday
MA,MA271,NA,C,1103,Tuesday
MA,MA271,NA,C,1103,Friday
MA,MA312M,NA,G,1103,Monday
MA,MA312M,NA,G,1103,Wednesday
MA,MA312M,NA,G,1103,Friday
CSE,MA321,NA,A1,2203,Monday
CSE,MA321,NA,A1,2203,Tuesday
CSE,MA321,NA,A1,2203,Wednesday
CSE,MA321,NA,A1,2203,Thursday
MA,MA321,NA,A1,2203,Tuesday
MA,MA321,NA,A1,2203,Wednesday
MA,MA321,NA,A1,2203,Thursday
MA,MA351,NA,B1,2203,Monday
MA,MA351,NA,B1,2203,Tuesday
MA,MA351,NA,B1,2203,Wednesday
MA,MA373,NA,E1,2203,Wednesday
MA,MA373,NA,E1,2203,Thursday
MA,MA373,NA,E1,2203,Friday
MA,MA473,NA,B,Common Room,Monday
MA,MA473,NA,B,Common Room,Tuesday
MA,MA473,NA,B,Common Room,Wednesday
MA,MA473,NA,B,Common Room,Friday
MA,MA473,NA,B,2101,Monday
MA,MA473,NA,B,2101,Tuesday
MA,MA473,NA,B,2101,Wednesday
MA,MA477,NA,E,2203,Wednesday
MA,MA477,NA,E,2203,Thursday
MA,MA477,NA,E,2203,Friday
MA,MA502,NA,D,2203,Monday
MA,MA502,NA,D,2203,Thursday
MA,MA502,NA,D,2203,Friday
MA,MA505,NA,E,1104,Wednesday
MA,MA505,NA,E,1104,Thursday
MA,MA505,NA,E,1104,Friday
MA,MA512,NA,A,1002,Monday
MA,MA512,NA,A,1002,Tuesday
MA,MA512,NA,A,1002,Wednesday
MA,MA512,NA,A,1002,Thursday
MA,MA513,NA,C,2203,Monday
MA,MA513,NA,C,2203,Tuesday
MA,MA513,NA,C,2203,Friday
MA,MA519,NA,E,1103,Wednesday
MA,MA519,NA,E,1103,Thursday
MA,MA519,NA,E,1103,Friday
MA,MA542,NA,B,1002,Monday
MA,MA542,NA,B,1002,Tuesday
MA,MA542,NA,B,1002,Wednesday
MA,MA542,NA,B,1002,Friday
MA,MA547,NA,D,1002,Monday
MA,MA547,NA,D,1002,Thursday
MA,MA547,NA,D,1002,Friday
MA,MA561,NA,C1,1103,Monday
MA,MA561,NA,C1,1103,Tuesday
MA,MA561,NA,C1,1103,Friday
MA,MA571,NA,A,2203,Monday
MA,MA571,NA,A,2203,Tuesday
MA,MA571,NA,A,2203,Wednesday
MA,MA571,NA,A,2203,Thursday
MA,MA573,NA,B,2203,Monday
MA,MA573,NA,B,2203,Tuesday
MA,MA573,NA,B,2203,Wednesday
MA,MA573,NA,B,2203,Friday
MA,MA590,NA,C,1002,Monday
MA,MA590,NA,C,1002,Tuesday
MA,MA590,NA,C,1002,Thursday
MA,MA590,NA,C,1002,Friday
MA,MA591,NA,E,1002,Tuesday
MA,MA591,NA,E,1002,Wednesday
MA,MA591,NA,E,1002,Thursday
MA,MA591,NA,E,1002,Friday
MA,MA616,NA,L,1002,Tuesday
MA,MA616,NA,L,1002,Thursday
MA,MA622,NA,D1,1104,Monday
MA,MA622,NA,D1,1104,Thursday
MA,MA622,NA,D1,1104,Friday
MA,MA625,NA,A1,1002,Monday
MA,MA625,NA,A1,1002,Tuesday
MA,MA625,NA,A1,1002,Wednesday
MA,MA625,NA,A1,1002,Thursday
MA,MA641,NA,E1,1103,Wednesday
MA,MA641,NA,E1,1103,Thursday
MA,MA641,NA,E1,1103,Friday
MA,MA642,NA,E1,1002,Tuesday
MA,MA642,NA,E1,1002,Wednesday
MA,MA642,NA,E1,1002,Thursday
MA,MA642,NA,E1,1002,Friday
MA,MA643,NA,C1,1002,Monday
MA,MA643,NA,C1,1002,Tuesday
MA,MA643,NA,C1,1002,Thursday
MA,MA643,NA,C1,1002,Friday
MA,MA644,NA,C1,1104,Monday
MA,MA644,NA,C1,1104,Tuesday
MA,MA644,NA,C1,1104,Friday
MA,MA662,NA,B1,1002,Monday
MA,MA662,NA,B1,1002,Tuesday
MA,MA662,NA,B1,1002,Wednesday
MA,MA662,NA,B1,1002,Friday
MA,MA671,NA,D1,1103,Monday
MA,MA671,NA,D1,1103,Thursday
MA,MA671,NA,D1,1103,Friday
MA,MA685,NA,I,1104,Tuesday
MA,MA685,NA,I,1104,Thursday
MA,MA691,NA,E1,1104,Wednesday
MA,MA691,NA,E1,1104,Thursday
MA,MA691,NA,E1,1104,Friday
MA,MA746,NA,A,1104,Monday
MA,MA746,NA,A,1104,Tuesday
MA,MA746,NA,A,1104,Wednesday
MA,MA746,NA,A,1104,Thursday
MA,MA762,NA,D1,1002,Monday
MA,MA762,NA,D1,1002,Wednesday
MA,MA762,NA,D1,1002,Thursday
MA,MA762,NA,D1,1002,Friday
ME,ME101,NA,B,NA,Friday
ME,ME101,I,B1,L2,Monday
ME,ME101,I,B1,L2,Tuesday
ME,ME101,I,B1,L2,Wednesday
ME,ME101,I,B1,L2,Friday
ME,ME101,II,B1,L3,Monday
ME,ME101,II,B1,L3,Tuesday
ME,ME101,II,B1,L3,Wednesday
ME,ME101,II,B1,L3,Friday
ME,ME101,III,B,L2,Monday
ME,ME101,III,B,L2,Tuesday
ME,ME101,III,B,L2,Wednesday
ME,ME101,III,B,L2,Friday
ME,ME101,IV,B,L3,Monday
ME,ME101,IV,B,L3,Tuesday
ME,ME101,IV,B,L3,Wednesday
ME,ME101,IV,B,L3,Friday
ME,ME221,NA,A,1003,Tuesday
ME,ME221,NA,A,1005,Tuesday
ME,ME221,NA,A,1003,Wednesday
ME,ME221,NA,A,1005,Wednesday
ME,ME221,NA,A,1003,Thursday
ME,ME221,NA,A,1005,Thursday
ME,ME222,NA,B,1003,Monday
ME,ME222,NA,B,1005,Monday
ME,ME222,NA,B,1003,Tuesday
ME,ME222,NA,B,1005,Tuesday
ME,ME222,NA,B,1003,Wednesday
ME,ME222,NA,B,1005,Wednesday
ME,ME223,NA,C,1003,Monday
ME,ME223,NA,C,1005,Monday
ME,ME223,NA,C,1003,Tuesday
ME,ME223,NA,C,1005,Tuesday
ME,ME223,NA,C,1003,Friday
ME,ME223,NA,C,1005,Friday
ME,ME224,NA,D,1003,Monday
ME,ME224,NA,D,1005,Monday
ME,ME224,NA,D,1003,Thursday
ME,ME224,NA,D,1005,Thursday
ME,ME224,NA,D,1003,Friday
ME,ME224,NA,D,1005,Friday
ME,ME321,NA,A1,1003,Monday
ME,ME321,NA,A1,1005,Monday
ME,ME321,NA,A1,1003,Tuesday
ME,ME321,NA,A1,1005,Tuesday
ME,ME321,NA,A1,1003,Thursday
ME,ME321,NA,A1,1005,Thursday
ME,ME321M,NA,G,1003,Monday
ME,ME321M,NA,G,1003,Wednesday
ME,ME321M,NA,G,1003,Friday
ME,ME322,NA,B1,1003,Monday
ME,ME322,NA,B1,1005,Monday
ME,ME322,NA,B1,1003,Tuesday
ME,ME322,NA,B1,1005,Tuesday
ME,ME323,NA,D1,1003,Monday
ME,ME323,NA,D1,1005,Monday
ME,ME323,NA,D1,1003,Wednesday
ME,ME323,NA,D1,1005,Wednesday
ME,ME323,NA,D1,1003,Thursday
ME,ME323,NA,D1,1005,Thursday
ME,ME324,NA,C1,1003,Monday
ME,ME324,NA,C1,1005,Monday
ME,ME324,NA,C1,1003,Tuesday
ME,ME324,NA,C1,1005,Tuesday
ME,ME324,NA,C1,1003,Thursday
ME,ME324,NA,C1,1005,Thursday
ME,ME324,NA,C1,1003,Friday
ME,ME324,NA,C1,1005,Friday
ME,ME325,NA,E1,1003,Tuesday
ME,ME325,NA,E1,1005,Tuesday
ME,ME325,NA,E1,1003,Wednesday
ME,ME325,NA,E1,1005,Wednesday
ME,ME325,NA,E1,1003,Thursday
ME,ME325,NA,E1,1005,Thursday
ME,ME421,NA,B,1G1,Monday
ME,ME421,NA,B,1G1,Tuesday
ME,ME421,NA,B,1G1,Wednesday
ME,ME513,NA,C,1004,Monday
ME,ME513,NA,A,1004,Tuesday
ME,ME513,NA,B,1004,Wednesday
ME,ME514,NA,F,1004,Monday
ME,ME514,NA,E,1004,Wednesday
ME,ME514,NA,C,1004,Thursday
ME,ME522,NA,A1,1G2,Monday
ME,ME522,NA,E1,1G2,Tuesday
ME,ME522,NA,D1,1G2,Wednesday
ME,ME522,NA,C1,1G2,Thursday
ME,ME522,NA,B1,1G2,Friday
ME,ME522,NA,A1,1G1,Monday
ME,ME522,NA,B1,1G1,Tuesday
ME,ME522,NA,C1,1G1,Wednesday
ME,ME522,NA,D1,1G1,Thursday
ME,ME522,NA,E1,1G1,Friday
ME,ME532,NA,D,1203,Monday
ME,ME532,NA,C,1203,Tuesday
ME,ME532,NA,D,1203,Thursday
ME,ME532,NA,D,1G2,Monday
ME,ME532,NA,H,1G2,Tuesday
ME,ME532,NA,D,1G2,Thursday
ME,ME553,NA,E1,1004,Wednesday
ME,ME553,NA,D1,1004,Thursday
ME,ME553,NA,C1,1004,Friday
ME,ME554,NA,F,1203,Wednesday
ME,ME554,NA,H,1203,Thursday
ME,ME554,NA,F,1203,Friday
ME,ME605,NA,H,1005,Tuesday
ME,ME605,NA,E,1005,Thursday
ME,ME605,NA,E,1005,Friday
ME,ME607,NA,F,1003,Wednesday
ME,ME607,NA,H,1003,Thursday
ME,ME607,NA,F,1003,Friday
ME,ME609,NA,C,1G2,Friday
ME,ME609,NA,C,1G2,Monday
ME,ME609,NA,C,1G2,Tuesday
ME,ME613,NA,F,1203,Monday
ME,ME613,NA,E,1203,Wednesday
ME,ME613,NA,C,1203,Thursday
ME,ME615,NA,A,1003,Monday
ME,ME615,NA,E,1003,Tuesday
ME,ME615,NA,D,1003,Wednesday
ME,ME616,NA,A1,1004,Wednesday
ME,ME616,NA,E1,1004,Thursday
ME,ME616,NA,D1,1004,Friday
ME,ME618,NA,F,1003,Monday
ME,ME618,NA,E,1003,Wednesday
ME,ME618,NA,C,1003,Thursday
ME,ME619,NA,F,1005,Monday
ME,ME619,NA,E,1005,Wednesday
ME,ME619,NA,C,1005,Thursday
ME,ME654,NA,F,1203,Wednesday
ME,ME654,NA,H,1203,Thursday
ME,ME654,NA,F,1203,Friday
ME,ME662,NA,B,1203,Monday
ME,ME662,NA,B,1203,Tuesday
ME,ME662,NA,A,1203,Wednesday
ME,ME665,NA,A1,1203,Wednesday
ME,ME665,NA,E1,1203,Thursday
ME,ME665,NA,D1,1203,Friday
ME,ME670,NA,E1,1203,Wednesday
ME,ME670,NA,D1,1203,Thursday
ME,ME670,NA,C1,1203,Friday
ME,ME672,NA,A1,1203,Tuesday
ME,ME672,NA,E,1203,Thursday
ME,ME672,NA,E,1203,Friday
ME,ME680,NA,F,1005,Wednesday
ME,ME680,NA,H,1005,Thursday
ME,ME680,NA,F,1005,Friday
ME,ME686,NA,A,1004,Monday
ME,ME686,NA,E,1004,Tuesday
ME,ME686,NA,D,1004,Wednesday
ME,ME688,NA,A,1005,Monday
ME,ME688,NA,E,1005,Tuesday
ME,ME688,NA,D,1005,Wednesday
ME,ME691,NA,D,1004,Monday
ME,ME691,NA,C,1004,Tuesday
ME,ME691,NA,D,1004,Thursday
ME,ME695,NA,A,NA,Monday
ME,ME695,NA,E,NA,Tuesday
ME,ME695,NA,D,NA,Wednesday
PH,PH102,III,E,L2,Wednesday
PH,PH102,IV,E,L3,Wednesday
PH,PH102,III,E,L2,Thursday
PH,PH102,IV,E,L3,Thursday
PH,PH102,III,E,L2,Friday
PH,PH102,IV,E,L3,Friday
PH,PH102,I,E1,L2,Wednesday
PH,PH102,II,E1,L3,Wednesday
PH,PH102,I,E1,L2,Thursday
PH,PH102,II,E1,L3,Thursday
PH,PH102,I,E1,L2,Friday
PH,PH102,II,E1,L3,Friday
PH,PH102,NA,E,NA,Tuesday
PH,PH202,NA,D,4206,Monday
PH,PH202,NA,D,4206,Wednesday
PH,PH202,NA,A,4206,Thursday
PH,PH202,NA,D,4206,Friday
PH,PH204,NA,B,4206,Monday
PH,PH204,NA,B,4206,Tuesday
PH,PH204,NA,A,4206,Wednesday
PH,PH204,NA,D,4206,Thursday
PH,PH206,NA,A,4206,Tuesday
PH,PH206,NA,B,4206,Wednesday
PH,PH206,NA,C,4206,Thursday
PH,PH302,NA,B,4003,Tuesday
PH,PH302,NA,E,4003,Wednesday
PH,PH302,NA,A,4003,Thursday
PH,PH304,NA,C,4003,Monday
PH,PH304,NA,C,4003,Tuesday
PH,PH304,NA,E,4003,Thursday
PH,PH306,NA,D,4003,Monday
PH,PH306,NA,A,4003,Wednesday
PH,PH306,NA,D,4003,Thursday
PH,PH308,NA,A,4003,Tuesday
PH,PH308,NA,B,4003,Wednesday
PH,PH382M,NA,G,4004,Monday
PH,PH382M,NA,G,4004,Wednesday
PH,PH382M,NA,G,4004,Friday
PH,PH402,NA,C,4004,Tuesday
PH,PH402,NA,A,4004,Wednesday
PH,PH402,NA,C,4004,Thursday
PH,PH404,NA,B,4004,Monday
PH,PH404,NA,B,4004,Tuesday
PH,PH404,NA,E,4004,Wednesday
PH,PH404,NA,E,4004,Friday
PH,PH406,NA,C,4004,Monday
PH,PH406,NA,B,4004,Wednesday
PH,PH406,NA,D,4004,Thursday
PH,PH406,NA,C,4004,Friday
PH,PH408,NA,A,4004,Tuesday
PH,PH408,NA,A,4004,Thursday
PH,PH410,NA,D,4004,Monday
PH,PH410,NA,D,4004,Wednesday
PH,PH410,NA,E,4004,Thursday
PH,PH410,NA,D,4004,Friday
PH,PH414,NA,B1,4003,Monday
PH,PH414,NA,B1,4003,Wednesday
PH,PH414,NA,D1,4003,Thursday
PH,PH443,NA,C,4206,Monday
PH,PH443,NA,C,4206,Tuesday
PH,PH443,NA,C,4206,Friday
PH,PH443,NA,C,4G4,Friday
PH,PH443,NA,C,4G4,Monday
PH,PH443,NA,C,4G4,Tuesday
PH,PH446,NA,E1,4003,Wednesday
PH,PH446,NA,E1,4003,Thursday
PH,PH446,NA,E1,4003,Friday
PH,PH446,NA,E1,4005,Wednesday
PH,PH446,NA,E1,4005,Thursday
PH,PH446,NA,E1,4005,Friday
PH,PH462,NA,C1,4003,Monday
PH,PH462,NA,B1,4003,Tuesday
PH,PH462,NA,A1,4003,Wednesday
PH,PH521,NA,C1,4212,Tuesday
PH,PH521,NA,B,4212,Wednesday
PH,PH521,NA,E,4212,Friday
PH,PH523,NA,D,4212,Monday
PH,PH523,NA,B,4212,Tuesday
PH,PH523,NA,E,4212,Thursday
PH,PH524,NA,E,4212,Wednesday
PH,PH524,NA,D,4212,Thursday
PH,PH524,NA,D,4212,Friday
PH,PH527,NA,A,4212,Tuesday
PH,PH527,NA,A,4212,Wednesday
PH,PH527,NA,C,4212,Thursday
PH,PH531,NA,B1,4212,Tuesday
PH,PH531,NA,D,4212,Wednesday
PH,PH531,NA,A1,4212,Thursday
PH,PH532,NA,C,4212,Monday
PH,PH532,NA,A,4212,Thursday
PH,PH532,NA,C,4212,Friday
PH,PH543,NA,C,4212,Tuesday
PH,PH543,NA,E1,4212,Thursday
PH,PH543,NA,C1,4212,Friday
PH,PH544,NA,A1,4212,Tuesday
PH,PH544,NA,C1,4212,Thursday
PH,PH544,NA,D1,4212,Friday
PH,PH545,NA,E1,4212,Tuesday
PH,PH545,NA,D1,4212,Thursday
PH,PH545,NA,E1,4212,Friday
PH,PH702,NA,C1,4004,Monday
PH,PH702,NA,A1,4004,Wednesday
PH,PH702,NA,E1,4004,Friday
PH,PH703,NA,B1,4004,Monday
PH,PH703,NA,A1,4004,Tuesday
PH,PH703,NA,C1,4004,Thursday
PH,PH704,NA,B1,4004,Tuesday
PH,PH704,NA,B1,4004,Wednesday
PH,PH704,NA,D1,4004,Friday
PH,PH706,NA,E1,4004,Wednesday
PH,PH706,NA,D1,4004,Thursday
PH,PH706,NA,C1,4004,Friday
CRT,RT514,NA,H,1206,Tuesday
CRT,RT514,NA,B1,1206,Tuesday
CRT,RT514,NA,H,1206,Thursday
CRT,RT515,NA,D,1206,Monday
CRT,RT515,NA,B,1206,Wednesday
CRT,RT515,NA,D,1206,Friday
CRT,RT517,NA,D1,1206,Monday
CRT,RT517,NA,E1,1206,Wednesday
CRT,RT517,NA,D1,1206,Thursday
CRT,RT520,NA,B1,1206,Monday
CRT,RT520,NA,E1,1206,Tuesday
CRT,RT520,NA,B1,1206,Wednesday
CRT,RT520,NA,A1,1206,Thursday
DD,DD220M,NA,F,Bdes 2 Studio,Monday
DD,DD220M,NA,F,Bdes 2 Studio,Wednesday
DD,DD220M,NA,F,Bdes 2 Studio,Friday
DD,DD320M,NA,G,Bdes 3 Studio,Monday
DD,DD320M,NA,G,Bdes 3 Studio,Wednesday
DD,DD320M,NA,G,Bdes 3 Studio,Friday
